;street;count;address;district;уточнение района
0; 1-й Балтийский переулок;1;город Москва, 1-й Балтийский переулок, дом 3/25;район Аэропорт;
1; 1-й Басманный переулок;1;город Москва, 1-й Басманный переулок, дом 3, строение 1;Красносельский район;
2; 1-й Вешняковский проезд;1;город Москва, 1-й Вешняковский проезд, дом 2, строение 1;Рязанский район;
3;1-й Голутвинский переулок;1;город Москва, 1-й Голутвинский переулок, дом 6;район Якиманка;
4; 1-й Зачатьевский переулок;1;город Москва, 1-й Зачатьевский переулок, дом 4;район Хамовники;
5; 1-й Кирпичный переулок;1;город Москва, 1-й Кирпичный переулок, дом 4, строение 2;район Соколиная Гора;
6; 1-й Кожевнический переулок;1;город Москва, 1-й Кожевнический переулок, дом 6, строение 1;Даниловский район;
7; 1-й Коптельский переулок;1;город Москва, 1-й Коптельский переулок, дом 2/7, строение 1;Красносельский район;
8; 1-й Краснокурсантский проезд;1;город Москва, 1-й Краснокурсантский проезд, дом 1/4;район Лефортово;
9; 1-й Лучевой просек;1;город Москва, 1-й Лучевой просек, дом 1;район Сокольники;
10; 1-й Люсиновский переулок;1;город Москва, 1-й Люсиновский переулок, дом 3Б;район Замоскворечье;
11; 1-й Магистральный тупик;1;город Москва, 1-й Магистральный тупик, дом 10, корпус 1;Хорошёвский район;
12; 1-й Монетчиковский переулок;1;город Москва, 1-й Монетчиковский переулок, дом 5, строение 1;район Замоскворечье;
13; 1-й Неопалимовский переулок;1;город Москва, 1-й Неопалимовский переулок, дом 6;район Хамовники;
14; 1-й Николощеповский переулок;1;город Москва, 1-й Николощеповский переулок, дом 6, строение 2;район Арбат;
15; 1-й Новокузнецкий переулок;1;город Москва, 1-й Новокузнецкий переулок, дом 5-7;район Замоскворечье;
16; 1-й Обыденский переулок;1;город Москва, 1-й Обыденский переулок, дом 9/12;район Хамовники;
17; 1-й Рижский переулок;1;город Москва, 1-й Рижский переулок, дом 6, строение 1;Алексеевский район;
18; 1-й Сельскохозяйственный проезд;1;город Москва, 1-й Сельскохозяйственный проезд, дом 2;район Ростокино;
19; 1-й Сетуньский проезд;1;город Москва, 1-й Сетуньский проезд, дом 10;район Раменки;
20; 1-й Силикатный проезд;1;город Москва, 1-й Силикатный проезд, дом 13;район Хорошёво-Мнёвники;
21; 1-й Спасоналивковский переулок;1;город Москва, 1-й Спасоналивковский переулок, дом 8, строение 2;район Якиманка;
22; 1-я Боевская улица;1;город Москва, 1-я Боевская улица, дом 6;район Сокольники;
23; 1-я Карачаровская улица;1;город Москва, 1-я Карачаровская улица, дом 8, строение 1;Нижегородский район;
24; 1-я Пугачёвская улица;1;город Москва, 1-я Пугачёвская улица, дом 25, строение 1;район Преображенское;
25; 1-я Чоботовская аллея;1;город Москва, 1-я Чоботовская аллея, дом 6-Б;район Ново-Переделкино;
26; 1-я линия Хорошёвского Серебряного Бора;1;город Москва, 1-я линия Хорошёвского Серебряного Бора, домовладение 10, строение 1;район Хорошёво-Мнёвники;
27; 104-й километр Московской Кольцевой Автодороги;1;город Москва, 104-й километр Московской Кольцевой Автодороги, дом 6;Неизвестно;
28; 11-я улица Текстильщиков;1;город Москва, 11-я улица Текстильщиков, дом 1;район Текстильщики;
29; 12-й проезд Марьиной Рощи;1;город Москва, 12-й проезд Марьиной Рощи, владение 9, строение 2;район Марьина Роща;
30; 13-я Парковая улица;1;город Москва, 13-я Парковая улица, дом 28А, строение 1;район Северное Измайлово;
31; 17-й проезд Марьиной Рощи;1;город Москва, 17-й проезд Марьиной Рощи, дом 4;район Марьина Роща;
32; 2-й Балтийский переулок;1;город Москва, 2-й Балтийский переулок, дом 3;район Аэропорт;
33; 2-й Верхний Михайловский проезд;1;город Москва, 2-й Верхний Михайловский проезд, дом 2;Донской район;
34; 2-й Вышеславцев переулок;1;город Москва, 2-й Вышеславцев переулок, дом 17;район Марьина Роща;
35; 2-й Иртышский проезд;1;город Москва, 2-й Иртышский проезд, дом 6, строение 1;район Гольяново;
36; 2-й Кабельный проезд;1;город Москва, 2-й Кабельный проезд, дом 1;район Лефортово;
37; 2-й Кадашёвский переулок;1;город Москва, 2-й Кадашёвский переулок, дом 16, строение 1;район Якиманка;
38; 2-й Колобовский переулок;1;город Москва, 2-й Колобовский переулок, дом 12;Тверской район;
39; 2-й Курьяновский проезд;1;город Москва, 2-й Курьяновский проезд, дом 2;район Печатники;
40; 2-й Лучевой просек;1;город Москва, 2-й Лучевой просек, дом 2;район Сокольники;
41; 2-й Магистральный тупик;1;город Москва, 2-й Магистральный тупик, дом 5А;Хорошёвский район;
42; 2-й Неопалимовский переулок;1;город Москва, 2-й Неопалимовский переулок, дом 3;район Хамовники;
43; 2-й Новокузнецкий переулок;1;город Москва, 2-й Новокузнецкий переулок, дом 13/15, строение 1;район Замоскворечье;
44; 2-й Новоподмосковный переулок;1;город Москва, 2-й Новоподмосковный переулок, дом 8;Войковский район;
45; 2-й Полевой переулок;1;город Москва, 2-й Полевой переулок, дом 2;район Сокольники;
46; 2-й Рощинский проезд;1;город Москва, 2-й Рощинский проезд, дом 8;Донской район;
47; 2-й Сельскохозяйственный проезд;1;город Москва, 2-й Сельскохозяйственный проезд, дом 4, строение 1;район Ростокино;
48; 2-й Стрелецкий проезд;1;город Москва, 2-й Стрелецкий проезд, дом 7;район Марьина Роща;
49; 2-й Щемиловский переулок;1;город Москва, 2-й Щемиловский переулок, дом 4;Тверской район;
50; 2-я Вольская улица;1;город Москва, 2-я Вольская улица, дом 30, строение 1;район Некрасовка;
51; 2-я Квесисская улица;1;город Москва, 2-я Квесисская улица, дом 23;Савёловский район;
52; 2-я Прядильная улица;1;город Москва, 2-я Прядильная улица, дом 4;район Измайлово;
53; 2-я Сокольническая улица;1;город Москва, 2-я Сокольническая улица, дом 3;район Сокольники;
54; 2-я Филёвская улица;1;город Москва, 2-я Филёвская улица, дом 13;район Филёвский Парк;
55; 2-я Фрезерная улица;1;город Москва, 2-я Фрезерная улица, дом 14, строение 1А;Нижегородский район;
56; 2-я Фрунзенская улица;1;город Москва, 2-я Фрунзенская улица, дом 10;район Хамовники;
57; 2-я Черногрязская улица;1;город Москва, 2-я Черногрязская улица, дом 6, корпус 3;Пресненский район;
58; 2-я Ямская улица;1;город Москва, 2-я Ямская улица, дом 4;район Марьина Роща;
59; 2-я улица Марьиной Рощи;1;город Москва, 2-я улица Марьиной Рощи, дом 22;район Марьина Роща;
60; 2-я улица Энтузиастов;1;город Москва, 2-я улица Энтузиастов, дом 5;район Перово;
61; 26-й километр Московской Кольцевой Автодороги;1;город Москва, 26-й километр Московской Кольцевой Автодороги, владение 6;Неизвестно;
62; 3-й Кадашёвский переулок;1;город Москва, 3-й Кадашёвский переулок, дом 2;район Якиманка;
63; 3-й Лихачёвский переулок;1;город Москва, 3-й Лихачёвский переулок, дом 2А;Головинский район;
64; 3-й Лучевой просек;1;город Москва, 3-й Лучевой просек, дом 4А;район Сокольники;
65; 3-й Павловский переулок;1;город Москва, 3-й Павловский переулок, дом 2;Даниловский район;
66; 3-й Самотёчный переулок;1;город Москва, 3-й Самотёчный переулок, дом 23;Тверской район;
67; 3-й Стрелецкий проезд;1;город Москва, 3-й Стрелецкий проезд, дом 3;район Марьина Роща;
68; 3-й Угрешский проезд;1;город Москва, 3-й Угрешский проезд, дом 8, строение 2;район Печатники;
69; 3-й проезд Подбельского;1;город Москва, 3-й проезд Подбельского, дом 22, корпус 3;район Богородское;
70; 3-я Новоостанкинская улица;1;город Москва, 3-я Новоостанкинская улица, дом 6;Останкинский район;
71; 3-я Песчаная улица;1;город Москва, 3-я Песчаная улица, дом 2;Хорошёвский район;
72; 3-я Подрезковская улица;1;город Москва, 3-я Подрезковская улица, дом 14, строение 2;Молжаниновский район;
73; 3-я Северная линия;1;город Москва, 3-я Северная линия, дом 3;район Северный;
74; 3-я Фрунзенская улица;1;город Москва, 3-я Фрунзенская улица, дом 1;район Хамовники;
75; 3-я Черепковская улица;1;город Москва, 3-я Черепковская улица, дом 15А, строение 5;район Кунцево;
76; 30-й километр Московской Кольцевой Автодороги;1;город Москва, 30-й километр Московской Кольцевой Автодороги, владение 6;Неизвестно;
77; 31-й километр Московской Кольцевой Автодороги;1;город Москва, 31-й километр Московской Кольцевой Автодороги, владение 8, строение 1;Неизвестно;
78; 34-й километр Московской Кольцевой Автодороги;1;город Москва, 34-й километр Московской Кольцевой Автодороги, владение 6;Неизвестно;
79; 38-й километр Московской Кольцевой Автодороги;1;город Москва, 38-й километр Московской Кольцевой Автодороги, владение 6А, строение 1;район Ясенево;
80; 4-й Вешняковский проезд;1;город Москва, 4-й Вешняковский проезд, дом 4, строение 1;Рязанский район;
81; 4-й Вятский переулок;1;город Москва, 4-й Вятский переулок, дом 10;Савёловский район;
82; 4-й Кожевнический переулок;1;город Москва, 4-й Кожевнический переулок, дом 4;Даниловский район;
83; 4-й Новомихалковский проезд;1;город Москва, 4-й Новомихалковский проезд, дом 14, строение 1;район Коптево;
84; 4-й Рощинский проезд;1;город Москва, 4-й Рощинский проезд, дом 11;Даниловский район;
85; 4-я Гражданская улица;1;город Москва, 4-я Гражданская улица, дом 43, корпус 2;район Богородское;
86; 4-я Кабельная улица;1;город Москва, 4-я Кабельная улица, дом 2А, строение 1;район Лефортово;
87; 42-й километр Калужского шоссе;1;город Троицк, 42-й километр Калужского шоссе, дом 8;Неизвестно;
88; 42-й километр Московской Кольцевой Автодороги;1;город Москва, 42-й километр Московской Кольцевой Автодороги, владение 4, строение 1;Неизвестно;
89; 5-й Монетчиковский переулок;1;город Москва, 5-й Монетчиковский переулок, дом 7;район Замоскворечье;
90; 5-й проезд Марьиной Рощи;1;город Москва, 5-й проезд Марьиной Рощи, дом 15А, строение 1;район Марьина Роща;
91; 56-й километр Московской Кольцевой Автодороги;1;город Москва, 56-й километр Московской Кольцевой Автодороги, дом 10;Неизвестно;
92; 6-й Лучевой просек;1;город Москва, 6-й Лучевой просек, дом 6;район Сокольники;
93; 6-я улица Лазенки;1;город Москва, 6-я улица Лазенки, дом 2, строение 2;район Ново-Переделкино;
94; 6-я улица Новые Сады;1;город Москва, 6-я улица Новые Сады, дом 2;район Ново-Переделкино;
95; 65-й километр Московской Кольцевой Автодороги;1;город Москва, 65-й километр Московской Кольцевой Автодороги, владение 8;Неизвестно;
96; 67-й километр Московской Кольцевой Автодороги;1;город Москва, 67-й километр Московской Кольцевой Автодороги, дом 7;Неизвестно;
97; 7-я улица Лазенки;1;город Москва, 7-я улица Лазенки, дом 12, строение 2;район Ново-Переделкино;
98; 78-й километр Московской Кольцевой Автодороги;1;город Москва, 78-й километр Московской Кольцевой Автодороги, дом 14, корпус 1;Неизвестно;
99; 8-й проезд Марьиной Рощи;1;город Москва, 8-й проезд Марьиной Рощи, дом 30, строение 1;район Марьина Роща;
100; 80-й километр Московской Кольцевой Автодороги;1;город Москва, 80-й километр Московской Кольцевой Автодороги, дом 4, строение 1;Неизвестно;
101; 9-я Северная линия;1;город Москва, 9-я Северная линия, дом 3А;район Северный;
102; 9-я улица Соколиной Горы;1;город Москва, 9-я улица Соколиной Горы, дом 19, строение 2;район Соколиная Гора;
103; Авиационный переулок;1;город Москва, Авиационный переулок, дом 5;район Аэропорт;
104; Автомобильный проезд;1;город Москва, Автомобильный проезд, дом 6, строение 2;Нижегородский район;
105; Андроньевская площадь;1;город Москва, Андроньевская площадь, дом 5/9;Таганский район;
106; Анненская улица;1;город Москва, Анненская улица, дом 25, строение 1;район Марьина Роща;
107; Анненский проезд;1;город Москва, Анненский проезд, дом 1, строение 1;район Марьина Роща;
108; Архангельский переулок;1;город Москва, Архангельский переулок, дом 7, строение 1;Басманный район;
109; Ащеулов переулок;1;город Москва, Ащеулов переулок, дом 9;Красносельский район;
110; Аэродромная улица;1;город Москва, Аэродромная улица, дом 5;район Южное Тушино;
111; Аэрофлотская улица;1;город Москва, Аэрофлотская улица, владение 2Б;район Внуково;
112; Бабаевская улица;1;город Москва, Бабаевская улица, дом 3;район Сокольники;
113; Базовая улица;1;город Москва, Базовая улица, дом 2, корпус 1;район Внуково;
114; Балтийская улица;1;город Москва, Балтийская улица, дом 10, корпус 2;район Аэропорт;
115; Банный проезд;1;город Москва, Банный проезд, дом 3, строение 1;Мещанский район;
116; Барабанный переулок;1;город Москва, Барабанный переулок, дом 3;район Соколиная Гора;
117; Басовская улица;1;город Москва, Басовская улица, дом 16, строение 1;Нижегородский район;
118; Батайский проезд;1;город Москва, Батайский проезд, дом 63;район Марьино;
119; Берниковская набережная;1;город Москва, Берниковская набережная, дом 12, строение 1;Таганский район;
120; Богоявленский переулок;1;город Москва, Богоявленский переулок, дом 6, строение 2;Тверской район;
121; Большая Внуковская улица;1;город Москва, Большая Внуковская улица, дом 2А, строение 9;район Внуково;
122; Большая Калитниковская улица;1;город Москва, Большая Калитниковская улица, дом 42;Таганский район;
123; Большая Ширяевская улица;1;город Москва, Большая Ширяевская улица, дом 11;район Сокольники;
124; Большой Афанасьевский переулок;1;город Москва, Большой Афанасьевский переулок, дом 3, строение 3;район Хамовники;
125; Большой Знаменский переулок;1;город Москва, Большой Знаменский переулок, дом 2, строение 26;район Хамовники;
126; Большой Кисельный переулок;1;город Москва, Большой Кисельный переулок, дом 17/15, строение 1;Мещанский район;
127; Большой Кондратьевский переулок;1;город Москва, Большой Кондратьевский переулок, дом 14, строение 1;Пресненский район;
128; Большой Николопесковский переулок;1;город Москва, Большой Николопесковский переулок, дом 5;район Арбат;
129; Большой Предтеченский переулок;1;город Москва, Большой Предтеченский переулок, дом 15/8, строение 1;Пресненский район;
130; Большой Симоновский переулок;1;город Москва, Большой Симоновский переулок, дом 2;Таганский район;
131; Большой Строченовский переулок;1;город Москва, Большой Строченовский переулок, дом 7;район Замоскворечье;
132; Большой Трёхгорный переулок;1;город Москва, Большой Трёхгорный переулок, дом 11, строение 1;Пресненский район;
133; Боровая улица;1;город Москва, Боровая улица, дом 10, корпус 2;район Лефортово;
134; Боровский проезд;1;город Москва, Боровский проезд, дом 17А;район Солнцево;
135; Ботанический переулок;1;город Москва, Ботанический переулок, дом 5;Мещанский район;
136; Бродников переулок;1;город Москва, Бродников переулок, дом 10, корпус 2;район Якиманка;
137; Брянская улица;1;город Москва, Брянская улица, дом 5;район Дорогомилово;
138; Будайская улица;1;город Москва, Будайская улица, дом 3;район Ростокино;
139; Будайский проезд;1;город Москва, Будайский проезд, дом 8;район Ростокино;
140; Бутиковский переулок;1;город Москва, Бутиковский переулок, дом 7;район Хамовники;
141; Варсонофьевский переулок;1;город Москва, Варсонофьевский переулок, дом 6;Мещанский район;
142; Вековая улица;1;город Москва, Вековая улица, дом 20А, строение 3;Таганский район;
143; Верхняя улица;1;город Москва, Верхняя улица, дом 3, корпус 2;район Беговой;
144; Весёлая улица;1;город Москва, Весёлая улица, дом 11;район Царицыно;
145; Винницкая улица;1;город Москва, Винницкая улица, дом 1;район Раменки;
146; Волоцкой переулок;1;город Москва, Волоцкой переулок, дом 15, корпус 2;район Митино;
147; Воротниковский переулок;1;город Москва, Воротниковский переулок, дом 11, строение 1;Тверской район;
148; Выползов переулок;1;город Москва, Выползов переулок, дом 7, строение 2;Мещанский район;
149; Газгольдерная улица;1;город Москва, Газгольдерная улица, дом 6;Нижегородский район;
150; Гаражная улица;1;город Москва, Гаражная улица, дом 4;район Соколиная Гора;
151; Гвардейская улица;1;город Москва, Гвардейская улица, дом 15, корпус 1;Можайский район;
152; Гжельский переулок;1;город Москва, Гжельский переулок, дом 19, строение 2;Таганский район;
153; Глазовский переулок;1;город Москва, Глазовский переулок, дом 5;район Хамовники;
154; Глинищевский переулок;1;город Москва, Глинищевский переулок, дом 3;Тверской район;
155; Гольяновская улица;1;город Москва, Гольяновская улица, дом 7А, строение 1;Басманный район;
156; Гончарная набережная;1;город Москва, Гончарная набережная, дом 9/16, строение 3;Таганский район;
157; Городская улица;1;город Москва, Городская улица, дом 8;Даниловский район;
158; Гранатный переулок;1;город Москва, Гранатный переулок, дом 7, строение 1;Пресненский район;
159; Гродненская улица;1;город Москва, Гродненская улица, дом 5;Можайский район;
160; Дегтярный переулок;1;город Москва, Дегтярный переулок, дом 6, строение 1;Тверской район;
161; Делегатская улица;1;город Москва, Делегатская улица, дом 7, строение 1;Тверской район;
162; Денежный переулок;1;город Москва, Денежный переулок, дом 20;район Хамовники;
163; Джанкойская улица;1;город Москва, Джанкойская улица, дом 1, строение 4;район Южное Бутово;
164; Дивизионная улица;1;город Москва, Дивизионная улица, дом 4;район Внуково;
165; Дмитровский переулок;1;город Москва, Дмитровский переулок, дом 3, строение 4;Тверской район;
166; Добровольческая улица;1;город Москва, Добровольческая улица, дом 12;Таганский район;
167; Докучаев переулок;1;город Москва, Докучаев переулок, дом 6, строение 2;Красносельский район;
168; Дорогобужская улица;1;город Москва, Дорогобужская улица, дом 14;Можайский район;
169; Егорьевский проезд;1;город Москва, Егорьевский проезд, дом 2, строение 5;район Люблино;
170; Елоховский проезд;1;город Москва, Елоховский проезд, дом 1, строение 5;Басманный район;
171; Ереванская улица;1;город Москва, Ереванская улица, дом 28, корпус 1;район Царицыно;
172; Живарев переулок;1;город Москва, Живарев переулок, дом 8, строение 3;Красносельский район;
173; Жигулёвская улица;1;город Москва, Жигулёвская улица, дом 5, корпус 3;район Кузьминки;
174; Жуков проезд;1;город Москва, Жуков проезд, дом 8, строение 3;Даниловский район;
175; Заводской проезд;1;город Москва, Заводской проезд, дом 25;район Измайлово;
176; Зарайская улица;1;город Москва, Зарайская улица, дом 33, корпус 2;Рязанский район;
177; Звонарский переулок;1;город Москва, Звонарский переулок, дом 5;Мещанский район;
178; Златоустовская улица;1;город Москва, Златоустовская улица, дом 3;район Косино-Ухтомский;
179; Знаменская улица;1;город Москва, Знаменская улица, дом 12/4;район Преображенское;
180; Зубарев переулок;1;город Москва, Зубарев переулок, дом 15, корпус 1;Алексеевский район;
181; Зюзинская улица;1;город Москва, Зюзинская улица, дом 3;район Черёмушки;
182; Иваньковское шоссе;1;город Москва, Иваньковское шоссе, дом 5;район Покровское-Стрешнево;
183; Ижорский проезд;1;город Москва, Ижорский проезд, дом 17;Дмитровский район;
184; Изваринская улица;1;город Москва, Изваринская улица, дом 4, корпус 1;район Внуково;
185; Известковый переулок;1;город Москва, Известковый переулок, дом 1;Таганский район;
186; Измайловская площадь;1;город Москва, Измайловская площадь, дом 1А;район Измайлово;
187; Инженерная улица;1;город Москва, Инженерная улица, дом 1А;Алтуфьевский район;
188; Инициативная улица;1;город Москва, Инициативная улица, дом 3;район Фили-Давыдково;
189; Институтский переулок;1;город Москва, Институтский переулок, дом 2;район Марьина Роща;
190; Интернациональная улица;1;город Москва, Интернациональная улица, дом 10;район Внуково;
191; Калибровская улица;1;город Москва, Калибровская улица, дом 31, строение 1;Останкинский район;
192; Калошин переулок;1;город Москва, Калошин переулок, дом 4, строение 1;район Арбат;
193; Камчатская улица;1;город Москва, Камчатская улица, дом 4, корпус 2;район Гольяново;
194; Канатчиковский проезд;1;город Москва, Канатчиковский проезд, владение 5;Донской район;
195; Каскадная улица;1;город Москва, Каскадная улица, домовладение 21, строение 1;район Косино-Ухтомский;
196; Кленовый бульвар;1;город Москва, Кленовый бульвар, дом 12;район Нагатинский Затон;
197; Ковров переулок;1;город Москва, Ковров переулок, дом 8, строение 2;Таганский район;
198; Кожевнический проезд;1;город Москва, Кожевнический проезд, дом 4/5, строение 5;район Замоскворечье;
199; Козицкий переулок;1;город Москва, Козицкий переулок, дом 1А, строение 2;Тверской район;
200; Композиторская улица;1;город Москва, Композиторская улица, дом 17;район Арбат;
201; Конаковский проезд;1;город Москва, Конаковский проезд, дом 5;Головинский район;
202; Коптевский бульвар;1;город Москва, Коптевский бульвар, дом 18А, строение 1;район Коптево;
203; Красногвардейский бульвар;1;город Москва, Красногвардейский бульвар, дом 3, строение 1;Пресненский район;
204; Красноказарменный проезд;1;город Москва, Красноказарменный проезд, дом 14А, корпус 19;район Лефортово;
205; Кременчугская улица;1;город Москва, Кременчугская улица, дом 11;район Фили-Давыдково;
206; Кремлёвская набережная;1;город Москва, Кремлёвская набережная, дом 1, строение 2;район Хамовники;
207; Кривоарбатский переулок;1;город Москва, Кривоарбатский переулок, дом 16/22;район Арбат;
208; Криворожская улица;1;город Москва, Криворожская улица, дом 6, строение 1;Нагорный район;
209; Кропоткинский переулок;1;город Москва, Кропоткинский переулок, дом 7, строение 2-4;район Хамовники;
210; Кулаков переулок;1;город Москва, Кулаков переулок, дом 7;Алексеевский район;
211; Кунцевская улица;1;город Москва, Кунцевская улица, дом 10;район Кунцево;
212; Курганская улица;1;город Москва, Курганская улица, дом 4А;район Гольяново;
213; Кучин переулок;1;город Москва, Кучин переулок, дом 14, строение 1;Алексеевский район;
214; Лебедянская улица;1;город Москва, Лебедянская улица, дом 28, корпус 1;район Бирюлёво Восточное;
215; Лениногорская улица;1;город Москва, Лениногорская улица, дом 32, строение 1;район Косино-Ухтомский;
216; Лужнецкий проезд;1;город Москва, Лужнецкий проезд, дом 1;район Хамовники;
217; Лыщиков переулок;1;город Москва, Лыщиков переулок, дом 5, строение 1;Таганский район;
218; Магаданская улица;1;город Москва, Магаданская улица, дом 9;Лосиноостровский район;
219; Мажоров переулок;1;город Москва, Мажоров переулок, дом 5;район Соколиная Гора;
220; Малая Андроньевская улица;1;город Москва, Малая Андроньевская улица, дом 20/8, строение 1-1А;Таганский район;
221; Малая Ботаническая улица;1;город Москва, Малая Ботаническая улица, дом 24А, строение 1;район Марфино;
222; Малая Тульская улица;1;город Москва, Малая Тульская улица, дом 57;Донской район;
223; Малый Власьевский переулок;1;город Москва, Малый Власьевский переулок, дом 12, строение 2;район Хамовники;
224; Малый Златоустинский переулок;1;город Москва, Малый Златоустинский переулок, дом 3, строение 3;Басманный район;
225; Малый Ивановский переулок;1;город Москва, Малый Ивановский переулок, дом 4, строение 1;Басманный район;
226; Малый Каретный переулок;1;город Москва, Малый Каретный переулок, дом 11, строение 2;Тверской район;
227; Малый Конюшковский переулок;1;город Москва, Малый Конюшковский переулок, дом 2;Пресненский район;
228; Малый Лёвшинский переулок;1;город Москва, Малый Лёвшинский переулок, дом 14/9, строение 1;район Хамовники;
229; Малый Николопесковский переулок;1;город Москва, Малый Николопесковский переулок, дом 9/1, строение 2;район Арбат;
230; Малый Полуярославский переулок;1;город Москва, Малый Полуярославский переулок, дом 3/5, строение 1;Таганский район;
231; Малый Путинковский переулок;1;город Москва, Малый Путинковский переулок, дом 1/2, строение 1;Тверской район;
232; Малый Татарский переулок;1;город Москва, Малый Татарский переулок, дом 8, строение 1;район Замоскворечье;
233; Малый Толмачёвский переулок;1;город Москва, Малый Толмачёвский переулок, дом 8/11, строение 3;район Якиманка;
234; Мамоновский переулок;1;город Москва, Мамоновский переулок, дом 10, строение 1;Тверской район;
235; Мансуровский переулок;1;город Москва, Мансуровский переулок, дом 10, строение 2;район Хамовники;
236; Международная улица;1;город Москва, Международная улица, дом 15;Таганский район;
237; Мерзляковский переулок;1;город Москва, Мерзляковский переулок, дом 15;Пресненский район;
238; Мещанская улица;1;город Москва, Мещанская улица, дом 12;Мещанский район;
239; Минаевский переулок;1;город Москва, Минаевский переулок, дом 2;район Марьина Роща;
240; Мирской переулок;1;город Москва, Мирской переулок, дом 5;Савёловский район;
241; Миусская площадь;1;город Москва, Миусская площадь, дом 9, строение 8;Тверской район;
242; Михневский проезд;1;город Москва, Михневский проезд, дом 4, корпус 1;район Бирюлёво Восточное;
243; Мишина улица;1;город Москва, Мишина улица, дом 35;Савёловский район;
244; Молдавская улица;1;город Москва, Молдавская улица, дом 5, строение 5;район Кунцево;
245; Молодёжная улица;1;город Москва, Молодёжная улица, дом 4;Гагаринский район;
246; Мрузовский переулок;1;город Москва, Мрузовский переулок, дом 11, строение 1;Басманный район;
247; Муромская улица;1;город Москва, Муромская улица, дом 1;район Косино-Ухтомский;
248; Нагорный бульвар;1;город Москва, Нагорный бульвар, дом 5, корпус 1;район Котловка;
249; Нарвская улица;1;город Москва, Нарвская улица, дом 2;район Коптево;
250; Народная улица;1;город Москва, Народная улица, дом 4, строение 1;Таганский район;
251; Народный проспект;1;город Москва, Народный проспект, дом 17, строение 24;район Измайлово;
252; Научный проезд;1;город Москва, Научный проезд, дом 19;район Черёмушки;
253; Нелидовская улица;1;город Москва, Нелидовская улица, дом 10, строение 1;район Южное Тушино;
254; Неманский проезд;1;город Москва, Неманский проезд, дом 1;район Строгино;
255; Нижний Журавлёв переулок;1;город Москва, Нижний Журавлёв переулок, дом 3;район Соколиная Гора;
256; Нижний Кисельный переулок;1;город Москва, Нижний Кисельный переулок, дом 3, строение 1;Мещанский район;
257; Нижняя Первомайская улица;1;город Москва, Нижняя Первомайская улица, дом 77;район Восточное Измайлово;
258; Никитский переулок;1;город Москва, Никитский переулок, дом 7, строение 2;Тверской район;
259; Новоалексеевская улица;1;город Москва, Новоалексеевская улица, дом 12, строение 1;Алексеевский район;
260; Новобутовский проезд;1;город Москва, Новобутовский проезд, владение 9, строение 1;район Южное Бутово;
261; Нововладыкинский проезд;1;город Москва, Нововладыкинский проезд, дом 8, строение 5;район Отрадное;
262; Новоостаповская улица;1;город Москва, Новоостаповская улица, дом 12, строение 2;Южнопортовый район;
263; Новопеределкинская улица;1;город Москва, Новопеределкинская улица, дом 9А;район Ново-Переделкино;
264; Новорогожская улица;1;город Москва, Новорогожская улица, дом 20;Таганский район;
265; Новороссийская улица;1;город Москва, Новороссийская улица, дом 14, строение 2;район Люблино;
266; Новорублёвская улица;1;город Москва, Новорублёвская улица, дом 1;район Кунцево;
267; Окская улица;1;город Москва, Окская улица, дом 13;Рязанский район;
268; Оренбургская улица;1;город Москва, Оренбургская улица, дом 32, строение 5;район Косино-Ухтомский;
269; Отрадный проезд;1;город Москва, Отрадный проезд, дом 2Б;район Отрадное;
270; Палехская улица;1;город Москва, Палехская улица, дом 126;Ярославский район;
271; Парусный проезд;1;город Москва, Парусный проезд, дом 5, строение 1;район Южное Тушино;
272; Перекопская улица;1;город Москва, Перекопская улица, дом 34, корпус 4;район Черёмушки;
273; Перовский проезд;1;город Москва, Перовский проезд, дом 35, строение 8;район Лефортово;
274; Пестовский переулок;1;город Москва, Пестовский переулок, дом 3, строение 1;Таганский район;
275; Песчаная улица;1;город Москва, Песчаная улица, дом 2А, строение 4;район Сокол;
276; Петроверигский переулок;1;город Москва, Петроверигский переулок, дом 4, строение 1;Басманный район;
277; Петровско-Разумовская аллея;1;город Москва, Петровско-Разумовская аллея, дом 10, корпус 3;район Аэропорт;
278; Планетная улица;1;город Москва, Планетная улица, дом 36;район Аэропорт;
279; Платовская улица;1;город Москва, Платовская улица, дом 4;район Дорогомилово;
280; Плетешковский переулок;1;город Москва, Плетешковский переулок, дом 2;Басманный район;
281; Погодинская улица;1;город Москва, Погодинская улица, дом 1, строение 1;район Хамовники;
282; Подсосенский переулок;1;город Москва, Подсосенский переулок, дом 8, строение 2;Басманный район;
283; Пожарский переулок;1;город Москва, Пожарский переулок, дом 15;район Хамовники;
284; Полоцкая улица;1;город Москва, Полоцкая улица, дом 10;район Кунцево;
285; Попов проезд;1;город Москва, Попов проезд, дом 2;район Сокольники;
286; Посланников переулок;1;город Москва, Посланников переулок, дом 9, строение 5;Басманный район;
287; Производственная улица;1;город Москва, Производственная улица, дом 1, корпус 1, строение 1;район Солнцево;
288; Прокатная улица;1;город Москва, Прокатная улица, дом 7;район Ивановское;
289; Проточный переулок;1;город Москва, Проточный переулок, дом 7;район Арбат;
290; Прохладная улица;1;город Москва, Прохладная улица, дом 28;район Бирюлёво Восточное;
291; Пулковская улица;1;город Москва, Пулковская улица, дом 6;Головинский район;
292; Пыжёвский переулок;1;город Москва, Пыжёвский переулок, дом 5, строение 1;район Якиманка;
293; Пяловская улица;1;город Москва, Пяловская улица, дом 7, строение 3;район Западное Дегунино;
294; Рабочая улица;1;город Москва, Рабочая улица, дом 53, строение 1;Таганский район;
295; Рижский проезд;1;город Москва, Рижский проезд, дом 7;Алексеевский район;
296; Ружейный переулок;1;город Москва, Ружейный переулок, дом 6, строение 2;район Хамовники;
297; Русаковская набережная;1;город Москва, Русаковская набережная, дом 7;район Сокольники;
298; Ряжская улица;1;город Москва, Ряжская улица, дом 13, корпус 1;район Бирюлёво Восточное;
299; Садовая-Сухаревская улица;1;город Москва, Садовая-Сухаревская улица, дом 6, строение 1;Мещанский район;
300; Садовнический проезд;1;город Москва, Садовнический проезд, дом 6;район Замоскворечье;
301; Сверчков переулок;1;город Москва, Сверчков переулок, дом 8, строение 1;Басманный район;
302; Светлогорский проезд;1;город Москва, Светлогорский проезд, дом 13, строение 1;район Южное Тушино;
303; Светлый проезд;1;город Москва, Светлый проезд, дом 2;район Сокол;
304; Северодвинская улица;1;город Москва, Северодвинская улица, дом 20;район Северное Медведково;
305; Семёновская набережная;1;город Москва, Семёновская набережная, дом 2/1, строение 1;Басманный район;
306; Сеченовский переулок;1;город Москва, Сеченовский переулок, дом 7А;район Хамовники;
307; Сибирский проезд;1;город Москва, Сибирский проезд, дом 2, корпус 27, строение 1;Таганский район;
308; Симферопольский проезд;1;город Москва, Симферопольский проезд, дом 18;Нагорный район;
309; Синельниковская улица;1;город Москва, Синельниковская улица, дом 47;район Южное Бутово;
310; Скатертный переулок;1;город Москва, Скатертный переулок, дом 13;Пресненский район;
311; Соймоновский проезд;1;город Москва, Соймоновский проезд, дом 5;район Хамовники;
312; Солнечногорский проезд;1;город Москва, Солнечногорский проезд, дом 7А;Головинский район;
313; Соловьиный проезд;1;город Москва, Соловьиный проезд, дом 6;район Ясенево;
314; Сормовский проезд;1;город Москва, Сормовский проезд, дом 11, строение 8;район Выхино-Жулебино;
315; Сосновая аллея;1;город Москва, Сосновая аллея, дом 1, строение 1;район Покровское-Стрешнево;
316; Софийская набережная;1;город Москва, Софийская набережная, дом 30, строение 1;район Якиманка;
317; Спартаковский переулок;1;город Москва, Спартаковский переулок, дом 2, строение 1;Красносельский район;
318; Средний Овчинниковский переулок;1;город Москва, Средний Овчинниковский переулок, дом 1, строение 13;район Замоскворечье;
319; Сретенский тупик;1;город Москва, Сретенский тупик, дом 5;Красносельский район;
320; Стандартная улица;1;город Москва, Стандартная улица, дом 4А;Алтуфьевский район;
321; Староконюшенный переулок;1;город Москва, Староконюшенный переулок, дом 45;район Арбат;
322; Старомонетный переулок;1;город Москва, Старомонетный переулок, дом 18;район Якиманка;
323; Староникольская улица;1;город Москва, Староникольская улица, дом 14А;район Южное Бутово;
324; Стрелецкая улица;1;город Москва, Стрелецкая улица, дом 2, строение 1;район Марьина Роща;
325; Стромынский переулок;1;город Москва, Стромынский переулок, дом 4;район Сокольники;
326; Сумская улица;1;город Москва, Сумская улица, дом 2/12;район Чертаново Северное;
327; Таймырская улица;1;город Москва, Таймырская улица, дом 1, строение 1;Лосиноостровский район;
328; Тайнинская улица;1;город Москва, Тайнинская улица, дом 19;Лосиноостровский район;
329; Тамбовская улица;1;город Москва, Тамбовская улица, дом 4;район Орехово-Борисово Южное;
330; Танковый проезд;1;город Москва, Танковый проезд, дом 4, строение 39;район Лефортово;
331; Тарусская улица;1;город Москва, Тарусская улица, дом 10;район Ясенево;
332; Тарханская улица;1;город Москва, Тарханская улица, дом 2;район Выхино-Жулебино;
333; Таёжная улица;1;город Москва, Таёжная улица, дом 1;Лосиноостровский район;
334; Театральная аллея;1;город Москва, Театральная аллея, дом 3, строение 1;район Аэропорт;
335; Тессинский переулок;1;город Москва, Тессинский переулок, дом 4, строение 2;Таганский район;
336; Тестовская улица;1;город Москва, Тестовская улица, дом 1;Пресненский район;
337; Тетеринский переулок;1;город Москва, Тетеринский переулок, дом 2А;Таганский район;
338; Тимирязевский проезд;1;город Москва, Тимирязевский проезд, дом 2;Тимирязевский район;
339; Тихая улица;1;город Москва, Тихая улица, дом 30;район Люблино;
340; Токмаков переулок;1;город Москва, Токмаков переулок, дом 12/20;Басманный район;
341; Триумфальная площадь;1;город Москва, Триумфальная площадь, дом 2, строение 1;Тверской район;
342; Троилинский переулок;1;город Москва, Троилинский переулок, дом 3;район Арбат;
343; Тургеневская площадь;1;город Москва, Тургеневская площадь, дом 2;Красносельский район;
344; Уваровский переулок;1;город Москва, Уваровский переулок, дом 10;район Митино;
345; Угличская улица;1;город Москва, Угличская улица, дом 13, строение 3;район Лианозово;
346; Уланский переулок;1;город Москва, Уланский переулок, дом 22, строение 1;Красносельский район;
347; Уржумская улица;1;город Москва, Уржумская улица, дом 4, строение 14;район Свиблово;
348; Успенский переулок;1;город Москва, Успенский переулок, дом 3, строение 4;Тверской район;
349; Учинская улица;1;город Москва, Учинская улица, дом 10;Дмитровский район;
350; Фармацевтический проезд;1;город Москва, Фармацевтический проезд, дом 1;район Коптево;
351; Филипповский переулок;1;город Москва, Филипповский переулок, дом 15/5;район Арбат;
352; Филёвский бульвар;1;город Москва, Филёвский бульвар, дом 10;район Филёвский Парк;
353; Фролов переулок;1;город Москва, Фролов переулок, дом 2;Красносельский район;
354; Фрязевская улица;1;город Москва, Фрязевская улица, дом 1, строение 1;район Новогиреево;
355; Харьковский проезд;1;город Москва, Харьковский проезд, дом 7А;район Бирюлёво Западное;
356; Хитровский переулок;1;город Москва, Хитровский переулок, дом 3/1, строение 4;Басманный район;
357; Хлебный переулок;1;город Москва, Хлебный переулок, дом 2/3, строение 3;Пресненский район;
358; Хованская улица;1;город Москва, Хованская улица, владение 20;Останкинский район;
359; Хохловский переулок;1;город Москва, Хохловский переулок, дом 10, строение 6;Басманный район;
360; Челобитьевское шоссе;1;город Москва, Челобитьевское шоссе, дом 10А;район Северный;
361; Челюскинская улица;1;город Москва, Челюскинская улица, дом 13;Лосиноостровский район;
362; Чермянская улица;1;город Москва, Чермянская улица, дом 2, строение 2;район Северное Медведково;
363; Чермянский проезд;1;город Москва, Чермянский проезд, дом 5, строение 26;район Северное Медведково;
364; Черниговский переулок;1;город Москва, Черниговский переулок, дом 9/13, строение 2;район Замоскворечье;
365; Черницынский проезд;1;город Москва, Черницынский проезд, дом 3, строение 11;район Гольяново;
366; Шелепихинская набережная;1;город Москва, Шелепихинская набережная, дом 20;Пресненский район;
367; Шубинский переулок;1;город Москва, Шубинский переулок, дом 2/3;район Арбат;
368; Щёлковский проезд;1;город Москва, Щёлковский проезд, дом 13;район Северное Измайлово;
369; Элеваторная улица;1;город Москва, Элеваторная улица, дом 8;район Бирюлёво Восточное;
370; Электрический переулок;1;город Москва, Электрический переулок, дом 8, строение 2;Пресненский район;
371; Юрловский проезд;1;город Москва, Юрловский проезд, дом 17, строение 1;район Отрадное;
372; Юровская улица;1;город Москва, Юровская улица, дом 105;район Куркино;
373; Якиманский переулок;1;город Москва, Якиманский переулок, дом 6, строение 1;район Якиманка;
374; Якорная улица;1;город Москва, Якорная улица, дом 6;район Нагатинский Затон;
375; Ялтинская улица;1;город Москва, Ялтинская улица, дом 2;Неизвестно;
376; Ясногорская улица;1;город Москва, Ясногорская улица, дом 2;район Ясенево;
377; Яузский бульвар;1;город Москва, Яузский бульвар, дом 14/8;Таганский район;
378; Яхромская улица;1;город Москва, Яхромская улица, дом 3;Дмитровский район;
379; аллея Витте;1;город Москва, аллея Витте, дом 4;район Южное Бутово;
380; аллея Жемчуговой;1;город Москва, аллея Жемчуговой, дом 1А;район Вешняки;
381; бульвар Генерала Карбышева;1;город Москва, бульвар Генерала Карбышева, дом 8, строение 3;район Хорошёво-Мнёвники;
382; владение 164;1;Ленинский проспект, владение 164;район Тропарёво-Никулино;
383; владение 32Б;1;Чертановская улица, владение 32Б;район Чертаново Центральное;
384; владение 99А;1;Варшавское шоссе, владение 99А;район Чертаново Северное;
385; деревня Давыдково;1;поселение Марушкинское, деревня Давыдково, дом 101;Неизвестно;
386; деревня Дудкино;1;"поселение ""Мосрентген"", деревня Дудкино, владение 1";Неизвестно;
387; деревня Сенькино-Секерино;1;поселение Михайлово-Ярцевское, деревня Сенькино-Секерино, дом 154А;Неизвестно;
388; деревня Столбово;1;поселение Сосенское, деревня Столбово, дом 1;Неизвестно;
389; переулок Маяковского;1;город Москва, переулок Маяковского, дом 3;Таганский район;
390; площадь Академика Курчатова;1;город Москва, площадь Академика Курчатова, дом 1, строение 1;район Щукино;
391; площадь Журавлёва;1;город Москва, площадь Журавлёва, дом 2, строение 2;район Соколиная Гора;
392; проезд Добролюбова;1;город Москва, проезд Добролюбова, дом 3, строение 3;Бутырский район;
393; проезд Донелайтиса;1;город Москва, проезд Донелайтиса, дом 30;район Южное Тушино;
394; проезд Досфлота;1;город Москва, проезд Досфлота, дом 2, строение 1;район Южное Тушино;
395; проезд Нансена;1;город Москва, проезд Нансена, владение 3Б;район Свиблово;
396; проезд Черепановых;1;город Москва, проезд Черепановых, дом 6, строение 1;район Коптево;
397; проезд Якушкина;1;город Москва, проезд Якушкина, дом 7;район Отрадное;
398; проектируемый проезд № 1980;1;город Москва, проектируемый проезд № 1980, дом 4;район Очаково-Матвеевское;
399; проспект 40 лет Октября;1;город Москва, проспект 40 лет Октября, дом 7, строение 2;район Люблино;
400; улица 9 Мая;1;город Москва, улица 9 Мая, дом 8;район Восточный;
401; улица Авиаконструктора Микояна;1;город Москва, улица Авиаконструктора Микояна, дом 12;Хорошёвский район;
402; улица Айвазовского;1;город Москва, улица Айвазовского, владение 7, строение 1;район Ясенево;
403; улица Академика Бакулева;1;город Москва, улица Академика Бакулева, дом 3;район Тёплый Стан;
404; улица Академика Ильюшина;1;город Москва, улица Академика Ильюшина, дом 4, корпус 1;район Аэропорт;
405; улица Академика Комарова;1;город Москва, улица Академика Комарова, дом 5А;район Марфино;
406; улица Академика Опарина;1;город Москва, улица Академика Опарина, дом 4;Обручевский район;
407; улица Академика Павлова;1;город Москва, улица Академика Павлова, дом 25;район Кунцево;
408; улица Академика Петровского;1;город Москва, улица Академика Петровского, дом 10;Донской район;
409; улица Академика Семёнова;1;город Москва, улица Академика Семёнова, дом 3;район Южное Бутово;
410; улица Академика Челомея;1;город Москва, улица Академика Челомея, дом 5;Обручевский район;
411; улица Анатолия Живова;1;город Москва, улица Анатолия Живова, дом 10;Пресненский район;
412; улица Артамонова;1;город Москва, улица Артамонова, дом 7;район Фили-Давыдково;
413; улица Атарбекова;1;город Москва, улица Атарбекова, дом 4А;район Преображенское;
414; улица Богданова;1;город Москва, улица Богданова, дом 56Б;район Солнцево;
415; улица Васильцовский Стан;1;город Москва, улица Васильцовский Стан, дом 5, корпус 1;Рязанский район;
416; улица Ватутина;1;город Москва, улица Ватутина, дом 1;район Фили-Давыдково;
417; улица Вильгельма Пика;1;город Москва, улица Вильгельма Пика, дом 3, строение 1;район Ростокино;
418; улица Винокурова;1;город Москва, улица Винокурова, дом 22;район Котловка;
419; улица Высоцкого;1;город Москва, улица Высоцкого, дом 4;Таганский район;
420; улица Генерала Ермолова;1;город Москва, улица Генерала Ермолова, дом 4;район Дорогомилово;
421; улица Главмосстроя;1;город Москва, улица Главмосстроя, дом 7;район Солнцево;
422; улица Говорова;1;город Москва, улица Говорова, дом 18;Можайский район;
423; улица Горчакова;1;город Москва, улица Горчакова, дом 11;район Южное Бутово;
424; улица Госпитальный Вал;1;город Москва, улица Госпитальный Вал, дом 22/2;район Лефортово;
425; улица Гримау;1;город Москва, улица Гримау, дом 10;Академический район;
426; улица Демьяна Бедного;1;город Москва, улица Демьяна Бедного, дом 4;район Хорошёво-Мнёвники;
427; улица Дениса Давыдова;1;город Москва, улица Дениса Давыдова, дом 2;район Дорогомилово;
428; улица Дубки;1;город Москва, улица Дубки, дом 6;Тимирязевский район;
429; улица Дурова;1;город Москва, улица Дурова, дом 4, строение 1;Мещанский район;
430; улица Жебрунова;1;город Москва, улица Жебрунова, дом 4;район Сокольники;
431; улица Жуковского;1;город Москва, улица Жуковского, дом 5;Басманный район;
432; улица Захарьинские Дворики;1;город Москва, улица Захарьинские Дворики, дом 1, корпус 1;район Южное Бутово;
433; улица Зенитчиков;1;город Москва, улица Зенитчиков, дом 7;район Митино;
434; улица Знаменские Садки;1;город Москва, улица Знаменские Садки, дом 1А;район Северное Бутово;
435; улица Ивана Бабушкина;1;город Москва, улица Ивана Бабушкина, дом 17, корпус 1;Академический район;
436; улица Инессы Арманд;1;город Москва, улица Инессы Арманд, дом 13;район Ясенево;
437; улица Капотня;1;город Москва, улица Капотня, дом 34;район Капотня;
438; улица Климашкина;1;город Москва, улица Климашкина, дом 17;Пресненский район;
439; улица Клочкова;1;город Москва, улица Клочкова, дом 10;район Фили-Давыдково;
440; улица Кондратюка;1;город Москва, улица Кондратюка, дом 1А;Останкинский район;
441; улица Константина Федина;1;город Москва, улица Константина Федина, дом 11;район Северное Измайлово;
442; улица Константинова;1;город Москва, улица Константинова, дом 11А;Алексеевский район;
443; улица Красный Казанец;1;город Москва, улица Красный Казанец, дом 17;район Вешняки;
444; улица Крупской;1;город Москва, улица Крупской, дом 11А;Ломоносовский район;
445; улица Кухмистерова;1;город Москва, улица Кухмистерова, дом 20, корпус 2;район Печатники;
446; улица Лапина;1;город Москва, улица Лапина, дом 3;район Лефортово;
447; улица Лефортовский Вал;1;город Москва, улица Лефортовский Вал, дом 26;район Лефортово;
448; улица Линии Октябрьской Железной Дороги;1;город Москва, улица Линии Октябрьской Железной Дороги, дом 2, строение 2;Тимирязевский район;
449; улица Льва Яшина;1;город Москва, улица Льва Яшина, дом 5, корпус 1;район Некрасовка;
450; улица Максимова;1;город Москва, улица Максимова, дом 18;район Щукино;
451; улица Малая Ордынка;1;город Москва, улица Малая Ордынка, дом 24;район Замоскворечье;
452; улица Маршала Голованова;1;город Москва, улица Маршала Голованова, дом 19;район Марьино;
453; улица Маршала Мерецкова;1;город Москва, улица Маршала Мерецкова, дом 4;район Щукино;
454; улица Маршала Савицкого;1;город Москва, улица Маршала Савицкого, дом 6, корпус 1;район Южное Бутово;
455; улица Медведева;1;город Москва, улица Медведева, дом 6;район Косино-Ухтомский;
456; улица Медиков;1;город Москва, улица Медиков, дом 16;район Царицыно;
457; улица Можайский Вал;1;город Москва, улица Можайский Вал, дом 6;район Дорогомилово;
458; улица Мусоргского;1;город Москва, улица Мусоргского, дом 1Б;район Отрадное;
459; улица Недорубова;1;город Москва, улица Недорубова, дом 5;район Некрасовка;
460; улица Новая Дорога;1;город Москва, улица Новая Дорога, дом 11, строение 6;Басманный район;
461; улица Острякова;1;город Москва, улица Острякова, дом 6;Хорошёвский район;
462; улица Павла Андреева;1;город Москва, улица Павла Андреева, дом 27, строение 2;Даниловский район;
463; улица Паперника;1;город Москва, улица Паперника, дом 9;Рязанский район;
464; улица Петра Романова;1;город Москва, улица Петра Романова, дом 6;Южнопортовый район;
465; улица Пивченкова;1;город Москва, улица Пивченкова, дом 7;район Фили-Давыдково;
466; улица Плющева;1;город Москва, улица Плющева, дом 18, корпус 1;район Перово;
467; улица Полины Осипенко;1;город Москва, улица Полины Осипенко, дом 10, корпус 1;Хорошёвский район;
468; улица Пржевальского;1;город Москва, улица Пржевальского, дом 2;Неизвестно;
469; улица Проходчиков;1;город Москва, улица Проходчиков, дом 3;Ярославский район;
470; улица Раевского;1;город Москва, улица Раевского, дом 3;район Дорогомилово;
471; улица Ращупкина;1;город Москва, улица Ращупкина, дом 3;Можайский район;
472; улица Рогова;1;город Москва, улица Рогова, дом 5А;район Щукино;
473; улица Рогожский Посёлок;1;город Москва, улица Рогожский Посёлок, дом 3;Нижегородский район;
474; улица Рокотова;1;город Москва, улица Рокотова, дом 2А;район Ясенево;
475; улица Савельева;1;город Москва, улица Савельева, дом 5;район Хамовники;
476; улица Сайкина;1;город Москва, улица Сайкина, дом 2;Даниловский район;
477; улица Сальвадора Альенде;1;город Москва, улица Сальвадора Альенде, дом 1;район Сокол;
478; улица Саляма Адиля;1;город Москва, улица Саляма Адиля, дом 9, корпус 3;район Хорошёво-Мнёвники;
479; улица Саморы Машела;1;город Москва, улица Саморы Машела, дом 4, корпус 2;Обручевский район;
480; улица Санникова;1;город Москва, улица Санникова, дом 17, строение 2;район Отрадное;
481; улица Старые Кузьминки;1;город Москва, улица Старые Кузьминки, дом 10;район Кузьминки;
482; улица Стасовой;1;город Москва, улица Стасовой, дом 10А;Донской район;
483; улица Строителей;1;город Москва, улица Строителей, дом 4, строение 2;Гагаринский район;
484; улица Уткина;1;город Москва, улица Уткина, дом 48;район Соколиная Гора;
485; улица Фадеева;1;город Москва, улица Фадеева, дом 5, строение 1;Тверской район;
486; улица Федосьино;1;город Москва, улица Федосьино, владение 4;район Ново-Переделкино;
487; улица Фонвизина;1;город Москва, улица Фонвизина, дом 17;Бутырский район;
488; улица Фёдора Полетаева;1;город Москва, улица Фёдора Полетаева, дом 7;Рязанский район;
489; улица Хабарова;1;город Московский, улица Хабарова, дом 2;Неизвестно;
490; улица Цюрупы;1;город Москва, улица Цюрупы, дом 28;район Черёмушки;
491; улица Чаплыгина;1;город Москва, улица Чаплыгина, дом 16;Басманный район;
492; улица Шеногина;1;город Москва, улица Шеногина, дом 2;район Хорошёво-Мнёвники;
493; улица Шумкина;1;город Москва, улица Шумкина, дом 26А, строение 4;район Сокольники;
494; шоссе Фрезер;1;город Москва, шоссе Фрезер, дом 32, строение 1;Нижегородский район;
;;;;;
